Title,Price,Date
"Everything Data Analytics-A Beginner's Guide to Data Literacy: Understanding the Processes That Turn Data Into Insights (Guides for Data Analytics, Data Visualization, and Communicating Data)",14.49,2022-09-26
"Everything Data Analytics-A Beginner's Guide to Data Literacy: Understanding the Processes That Turn Data Into Insights (Guides for Data Analytics, Data Visualization, and Communicating Data)",14.49,2022-09-26
"Everything Data Analytics-A Beginner's Guide to Data Literacy: Understanding the Processes That Turn Data Into Insights (Guides for Data Analytics, Data Visualization, and Communicating Data)",14.49,2022-09-26
"Everything Data Analytics-A Beginner's Guide to Data Literacy: Understanding the Processes That Turn Data Into Insights (Guides for Data Analytics, Data Visualization, and Communicating Data)",14.49,2022-09-26
"Everything Data Analytics-A Beginner's Guide to Data Literacy: Understanding the Processes That Turn Data Into Insights (Guides for Data Analytics, Data Visualization, and Communicating Data)",14.49,2022-09-26
"Everything Data Analytics-A Beginner's Guide to Data Literacy: Understanding the Processes That Turn Data Into Insights (Guides for Data Analytics, Data Visualization, and Communicating Data)",14.49,2022-09-26
"Everything Data Analytics-A Beginner's Guide to Data Literacy: Understanding the Processes That Turn Data Into Insights (Guides for Data Analytics, Data Visualization, and Communicating Data)",14.49,2022-09-26
"Everything Data Analytics-A Beginner's Guide to Data Literacy: Understanding the Processes That Turn Data Into Insights (Guides for Data Analytics, Data Visualization, and Communicating Data)",14.49,2022-09-26
"Everything Data Analytics-A Beginner's Guide to Data Literacy: Understanding the Processes That Turn Data Into Insights (Guides for Data Analytics, Data Visualization, and Communicating Data)",14.49,2022-09-26
"Everything Data Analytics-A Beginner's Guide to Data Literacy: Understanding the Processes That Turn Data Into Insights (Guides for Data Analytics, Data Visualization, and Communicating Data)",14.49,2022-09-26
"Everything Data Analytics-A Beginner's Guide to Data Literacy: Understanding the Processes That Turn Data Into Insights (Guides for Data Analytics, Data Visualization, and Communicating Data)",14.49,2022-09-26
"Everything Data Analytics-A Beginner's Guide to Data Literacy: Understanding the Processes That Turn Data Into Insights (Guides for Data Analytics, Data Visualization, and Communicating Data)",14.49,2022-09-26
"Everything Data Analytics-A Beginner's Guide to Data Literacy: Understanding the Processes That Turn Data Into Insights (Guides for Data Analytics, Data Visualization, and Communicating Data)",14.49,2022-09-26
"Everything Data Analytics-A Beginner's Guide to Data Literacy: Understanding the Processes That Turn Data Into Insights (Guides for Data Analytics, Data Visualization, and Communicating Data)",14.49,2022-09-26
"Everything Data Analytics-A Beginner's Guide to Data Literacy: Understanding the Processes That Turn Data Into Insights (Guides for Data Analytics, Data Visualization, and Communicating Data)",14.49,2022-09-26
"Everything Data Analytics-A Beginner's Guide to Data Literacy: Understanding the Processes That Turn Data Into Insights (Guides for Data Analytics, Data Visualization, and Communicating Data)",14.49,2022-09-26
"Everything Data Analytics-A Beginner's Guide to Data Literacy: Understanding the Processes That Turn Data Into Insights (Guides for Data Analytics, Data Visualization, and Communicating Data)",14.49,2022-09-26
"Everything Data Analytics-A Beginner's Guide to Data Literacy: Understanding the Processes That Turn Data Into Insights (Guides for Data Analytics, Data Visualization, and Communicating Data)",14.49,2022-09-26
"Everything Data Analytics-A Beginner's Guide to Data Literacy: Understanding the Processes That Turn Data Into Insights (Guides for Data Analytics, Data Visualization, and Communicating Data)",14.49,2022-09-26
"Everything Data Analytics-A Beginner's Guide to Data Literacy: Understanding the Processes That Turn Data Into Insights (Guides for Data Analytics, Data Visualization, and Communicating Data)",14.49,2022-09-26
"Everything Data Analytics-A Beginner's Guide to Data Literacy: Understanding the Processes That Turn Data Into Insights (Guides for Data Analytics, Data Visualization, and Communicating Data)",14.49,2022-09-26
"Everything Data Analytics-A Beginner's Guide to Data Literacy: Understanding the Processes That Turn Data Into Insights (Guides for Data Analytics, Data Visualization, and Communicating Data)",14.49,2022-09-26
"Everything Data Analytics-A Beginner's Guide to Data Literacy: Understanding the Processes That Turn Data Into Insights (Guides for Data Analytics, Data Visualization, and Communicating Data)",14.49,2022-09-26
"Everything Data Analytics-A Beginner's Guide to Data Literacy: Understanding the Processes That Turn Data Into Insights (Guides for Data Analytics, Data Visualization, and Communicating Data)",14.49,2022-09-26
"Everything Data Analytics-A Beginner's Guide to Data Literacy: Understanding the Processes That Turn Data Into Insights (Guides for Data Analytics, Data Visualization, and Communicating Data)",14.49,2022-09-26
"Everything Data Analytics-A Beginner's Guide to Data Literacy: Understanding the Processes That Turn Data Into Insights (Guides for Data Analytics, Data Visualization, and Communicating Data)",14.49,2022-09-26
"Everything Data Analytics-A Beginner's Guide to Data Literacy: Understanding the Processes That Turn Data Into Insights (Guides for Data Analytics, Data Visualization, and Communicating Data)",14.49,2022-09-26
"Everything Data Analytics-A Beginner's Guide to Data Literacy: Understanding the Processes That Turn Data Into Insights (Guides for Data Analytics, Data Visualization, and Communicating Data)",14.49,2022-09-26
"Everything Data Analytics-A Beginner's Guide to Data Literacy: Understanding the Processes That Turn Data Into Insights (Guides for Data Analytics, Data Visualization, and Communicating Data)",14.49,2022-09-26
"Everything Data Analytics-A Beginner's Guide to Data Literacy: Understanding the Processes That Turn Data Into Insights (Guides for Data Analytics, Data Visualization, and Communicating Data)",14.49,2022-09-26
"Everything Data Analytics-A Beginner's Guide to Data Literacy: Understanding the Processes That Turn Data Into Insights (Guides for Data Analytics, Data Visualization, and Communicating Data)",14.49,2022-09-26
"Everything Data Analytics-A Beginner's Guide to Data Literacy: Understanding the Processes That Turn Data Into Insights (Guides for Data Analytics, Data Visualization, and Communicating Data)",14.49,2022-09-26
"Everything Data Analytics-A Beginner's Guide to Data Literacy: Understanding the Processes That Turn Data Into Insights (Guides for Data Analytics, Data Visualization, and Communicating Data)",14.49,2022-09-26
"Everything Data Analytics-A Beginner's Guide to Data Literacy: Understanding the Processes That Turn Data Into Insights (Guides for Data Analytics, Data Visualization, and Communicating Data)",14.49,2022-09-26
"Everything Data Analytics-A Beginner's Guide to Data Literacy: Understanding the Processes That Turn Data Into Insights (Guides for Data Analytics, Data Visualization, and Communicating Data)",14.49,2022-09-26
"Everything Data Analytics-A Beginner's Guide to Data Literacy: Understanding the Processes That Turn Data Into Insights (Guides for Data Analytics, Data Visualization, and Communicating Data)",14.49,2022-09-26
"Everything Data Analytics-A Beginner's Guide to Data Literacy: Understanding the Processes That Turn Data Into Insights (Guides for Data Analytics, Data Visualization, and Communicating Data)",14.49,2022-09-26
"Everything Data Analytics-A Beginner's Guide to Data Literacy: Understanding the Processes That Turn Data Into Insights (Guides for Data Analytics, Data Visualization, and Communicating Data)",14.49,2022-09-26
"Everything Data Analytics-A Beginner's Guide to Data Literacy: Understanding the Processes That Turn Data Into Insights (Guides for Data Analytics, Data Visualization, and Communicating Data)",14.49,2022-09-26
"Everything Data Analytics-A Beginner's Guide to Data Literacy: Understanding the Processes That Turn Data Into Insights (Guides for Data Analytics, Data Visualization, and Communicating Data)",14.49,2022-09-26
"Everything Data Analytics-A Beginner's Guide to Data Literacy: Understanding the Processes That Turn Data Into Insights (Guides for Data Analytics, Data Visualization, and Communicating Data)",14.49,2022-09-26
"Everything Data Analytics-A Beginner's Guide to Data Literacy: Understanding the Processes That Turn Data Into Insights (Guides for Data Analytics, Data Visualization, and Communicating Data)",14.49,2022-09-26
"Everything Data Analytics-A Beginner's Guide to Data Literacy: Understanding the Processes That Turn Data Into Insights (Guides for Data Analytics, Data Visualization, and Communicating Data)",14.49,2022-09-26
"Everything Data Analytics-A Beginner's Guide to Data Literacy: Understanding the Processes That Turn Data Into Insights (Guides for Data Analytics, Data Visualization, and Communicating Data)",14.49,2022-09-26
"Everything Data Analytics-A Beginner's Guide to Data Literacy: Understanding the Processes That Turn Data Into Insights (Guides for Data Analytics, Data Visualization, and Communicating Data)",14.49,2022-09-26
"Everything Data Analytics-A Beginner's Guide to Data Literacy: Understanding the Processes That Turn Data Into Insights (Guides for Data Analytics, Data Visualization, and Communicating Data)",14.49,2022-09-26
"Everything Data Analytics-A Beginner's Guide to Data Literacy: Understanding the Processes That Turn Data Into Insights (Guides for Data Analytics, Data Visualization, and Communicating Data)",14.49,2022-09-26
"Everything Data Analytics-A Beginner's Guide to Data Literacy: Understanding the Processes That Turn Data Into Insights (Guides for Data Analytics, Data Visualization, and Communicating Data)",14.49,2022-09-26
"Everything Data Analytics-A Beginner's Guide to Data Literacy: Understanding the Processes That Turn Data Into Insights (Guides for Data Analytics, Data Visualization, and Communicating Data)",14.49,2022-09-26
"Everything Data Analytics-A Beginner's Guide to Data Literacy: Understanding the Processes That Turn Data Into Insights (Guides for Data Analytics, Data Visualization, and Communicating Data)",14.49,2022-09-26
"Everything Data Analytics-A Beginner's Guide to Data Literacy: Understanding the Processes That Turn Data Into Insights (Guides for Data Analytics, Data Visualization, and Communicating Data)",14.49,2022-09-26
"Everything Data Analytics-A Beginner's Guide to Data Literacy: Understanding the Processes That Turn Data Into Insights (Guides for Data Analytics, Data Visualization, and Communicating Data)",14.49,2022-09-26
"Everything Data Analytics-A Beginner's Guide to Data Literacy: Understanding the Processes That Turn Data Into Insights (Guides for Data Analytics, Data Visualization, and Communicating Data)",14.49,2022-09-26
"Everything Data Analytics-A Beginner's Guide to Data Literacy: Understanding the Processes That Turn Data Into Insights (Guides for Data Analytics, Data Visualization, and Communicating Data)",14.49,2022-09-26
"Everything Data Analytics-A Beginner's Guide to Data Literacy: Understanding the Processes That Turn Data Into Insights (Guides for Data Analytics, Data Visualization, and Communicating Data)",14.49,2022-09-26
"Everything Data Analytics-A Beginner's Guide to Data Literacy: Understanding the Processes That Turn Data Into Insights (Guides for Data Analytics, Data Visualization, and Communicating Data)",14.49,2022-09-26
"Everything Data Analytics-A Beginner's Guide to Data Literacy: Understanding the Processes That Turn Data Into Insights (Guides for Data Analytics, Data Visualization, and Communicating Data)",14.49,2022-09-26
"Everything Data Analytics-A Beginner's Guide to Data Literacy: Understanding the Processes That Turn Data Into Insights (Guides for Data Analytics, Data Visualization, and Communicating Data)",14.49,2022-09-26
"Everything Data Analytics-A Beginner's Guide to Data Literacy: Understanding the Processes That Turn Data Into Insights (Guides for Data Analytics, Data Visualization, and Communicating Data)",14.49,2022-09-26
"Everything Data Analytics-A Beginner's Guide to Data Literacy: Understanding the Processes That Turn Data Into Insights (Guides for Data Analytics, Data Visualization, and Communicating Data)",14.49,2022-09-26
"Everything Data Analytics-A Beginner's Guide to Data Literacy: Understanding the Processes That Turn Data Into Insights (Guides for Data Analytics, Data Visualization, and Communicating Data)",14.49,2022-09-26
"Everything Data Analytics-A Beginner's Guide to Data Literacy: Understanding the Processes That Turn Data Into Insights (Guides for Data Analytics, Data Visualization, and Communicating Data)",14.49,2022-09-26
"Everything Data Analytics-A Beginner's Guide to Data Literacy: Understanding the Processes That Turn Data Into Insights (Guides for Data Analytics, Data Visualization, and Communicating Data)",14.49,2022-09-26
